{"loss": 0.09095574170351028, "lr": 0.0001, "_timestamp": 1737848971.3042684, "_runtime": 7.16488242149353, "_step": 6, "_wandb": {"runtime": 7}}