{"_wandb": {"runtime": 35}, "train_loss": 0.23787130881100893, "test_loss": 0.0, "_timestamp": 1733898906.1952162, "_runtime": 33.18838119506836, "_step": 1}