{"_wandb": {"runtime": 49}, "train_loss": 0.23518967255949974, "test_loss": 0.0, "_timestamp": 1732852971.2972026, "_runtime": 45.36139154434204, "_step": 1}