{"_wandb": {"runtime": 38}, "train_loss": 0.25613885931670666, "test_loss": 0.0, "_timestamp": 1736790388.1748703, "_runtime": 34.558006286621094, "_step": 1}