{"_wandb": {"runtime": 26}, "train_loss": 0.3400657847523689, "test_loss": 0.0, "_timestamp": 1735024634.3342526, "_runtime": 24.232139587402344, "_step": 1}