{"_wandb": {"runtime": 13}, "loss": 0.15134264528751373, "lr": 0.0001, "_timestamp": 1733342107.528095, "_runtime": 12.500452041625977, "_step": 0}