{"_wandb": {"runtime": 13}, "loss": 0.0788169801235199, "lr": 0.0001, "_timestamp": 1733341493.1925607, "_runtime": 12.989139556884766, "_step": 0}