{"_wandb": {"runtime": 13}, "loss": 0.14286398887634277, "lr": 0.0001, "_timestamp": 1733341807.3257432, "_runtime": 12.362756252288818, "_step": 0}