{"_wandb": {"runtime": 13}, "loss": 0.11207380145788193, "lr": 0.0001, "_timestamp": 1733340939.5543013, "_runtime": 12.335763216018677, "_step": 0}