{"_wandb": {"runtime": 13}, "loss": 0.16020917892456055, "lr": 0.0001, "_timestamp": 1733340565.6684976, "_runtime": 12.24694561958313, "_step": 0}