{"_wandb": {"runtime": 39}, "train_loss": 0.1607891907915473, "test_loss": 0.0, "_timestamp": 1734556119.4112508, "_runtime": 36.553794860839844, "_step": 1}