{"_wandb": {"runtime": 35}, "train_loss": 0.20741115044802427, "test_loss": 0.0, "_timestamp": 1733898588.3593686, "_runtime": 33.08217263221741, "_step": 1}