{"_wandb": {"runtime": 26}, "train_loss": 0.16075125616043806, "test_loss": 0.0, "_timestamp": 1735024511.1288216, "_runtime": 24.277700662612915, "_step": 1}