{"loss": 0.08756345510482788, "lr": 0.0001, "_timestamp": 1734112610.875384, "_runtime": 86359.31429219246, "_step": 50220}