{"_wandb": {"runtime": 50}, "train_loss": 0.19965695030987263, "test_loss": 0.0, "_timestamp": 1732850855.54372, "_runtime": 45.485102891922, "_step": 1}