{"loss": 0.10563434660434723, "lr": 0.0001, "_timestamp": 1733429885.2182, "_runtime": 86406.25448298454, "_step": 25130}