{"_wandb": {"runtime": 37}, "train_loss": 0.2353351628407836, "test_loss": 0.0, "_timestamp": 1736784466.810114, "_runtime": 34.322914838790894, "_step": 1}