{"loss": 0.1145268902182579, "lr": 0.0001, "_timestamp": 1733342491.021521, "_runtime": 27.99377703666687, "_step": 4, "_wandb": {"runtime": 28}}