{"_wandb": {"runtime": 33}, "train_loss": 0.2331485114991665, "test_loss": 0.0, "_timestamp": 1736784568.1584778, "_runtime": 30.81748080253601, "_step": 1}