{"train_loss": 0.06425960035994649, "_timestamp": 1728513651.5334716, "_runtime": 9168.397139549255, "_step": 1711}