{"_wandb": {"runtime": 39}, "train_loss": 0.22031329292804003, "test_loss": 0.0, "_timestamp": 1733896186.276137, "_runtime": 36.95101714134216, "_step": 1}