{"_wandb": {"runtime": 19}, "train_loss": 0.19419791549444199, "_timestamp": 1728501827.6263757, "_runtime": 16.95941662788391, "_step": 1}