{"train_loss": 0.1348284729756415, "_timestamp": 1728504394.3500845, "_runtime": 2510.7898654937744, "_step": 472, "_wandb": {"runtime": 2515}}