{"_wandb": {"runtime": 35}, "train_loss": 0.24355510156601667, "test_loss": 0.0, "_timestamp": 1733896574.0048356, "_runtime": 32.70273756980896, "_step": 1}