{"_wandb": {"runtime": 49}, "train_loss": 0.23643120750784874, "test_loss": 0.0, "_timestamp": 1732852879.7394829, "_runtime": 45.15664482116699, "_step": 1}