{"_wandb": {"runtime": 13}, "loss": 0.09527277946472168, "lr": 0.0001, "_timestamp": 1733341746.9334564, "_runtime": 12.642602443695068, "_step": 0}