{"_wandb": {"runtime": 51}, "train_loss": 0.26441655308008194, "test_loss": 0.0, "_timestamp": 1732852577.7300832, "_runtime": 47.52299213409424, "_step": 1}