{"_wandb": {"runtime": 35}, "train_loss": 0.209211528301239, "test_loss": 0.0, "_timestamp": 1733898194.559953, "_runtime": 33.03809404373169, "_step": 1}