{"_wandb": {"runtime": 26}, "train_loss": 0.21775453072041273, "test_loss": 0.0, "_timestamp": 1735024997.2279391, "_runtime": 24.01128602027893, "_step": 1}