{"_wandb": {"runtime": 30}, "train_loss": 0.2025487965438515, "_timestamp": 1728501154.3059342, "_runtime": 23.98153519630432, "_step": 1}