{"_wandb": {"runtime": 38}, "train_loss": 0.24927246756851673, "test_loss": 0.0, "_timestamp": 1736787769.4039273, "_runtime": 34.492064237594604, "_step": 1}