{"_wandb": {"runtime": 35}, "train_loss": 0.24304581293836236, "test_loss": 0.0, "_timestamp": 1733899272.3484757, "_runtime": 32.864630699157715, "_step": 1}