{"_wandb": {"runtime": 35}, "train_loss": 0.24872847879305482, "test_loss": 0.0, "_timestamp": 1733898352.920565, "_runtime": 33.41169190406799, "_step": 1}