{"_wandb": {"runtime": 27}, "train_loss": 0.1839948259294033, "test_loss": 0.0, "_timestamp": 1735023999.699196, "_runtime": 25.385475158691406, "_step": 1}