{"loss": 0.07190835475921631, "lr": 0.0001, "_timestamp": 1733342442.6492834, "_runtime": 159.72862148284912, "_step": 17, "_wandb": {"runtime": 160}}