{"_wandb": {"runtime": 48}, "train_loss": 0.23585567623376846, "test_loss": 0.0, "_timestamp": 1732852680.7890925, "_runtime": 45.10703945159912, "_step": 1}