{"_wandb": {"runtime": 13}, "loss": 0.13108262419700623, "lr": 0.0001, "_timestamp": 1733343084.5849607, "_runtime": 13.306254625320435, "_step": 0}