{"_wandb": {"runtime": 40}, "train_loss": 0.2176067247055471, "test_loss": 0.0, "_timestamp": 1733901633.3576372, "_runtime": 36.768983125686646, "_step": 1}