{"loss": 0.08023636043071747, "lr": 0.0001, "_timestamp": 1737865710.6977148, "_runtime": 16691.146345853806, "_step": 20000, "_wandb": {"runtime": 16691}}