{"train_loss": 0.09582450799643993, "_timestamp": 1728501652.3745785, "_runtime": 92.12410640716553, "_step": 8, "_wandb": {"runtime": 97}}