{"_wandb": {"runtime": 13}, "loss": 0.15974019467830658, "lr": 0.0001, "_timestamp": 1733339789.3817396, "_runtime": 12.156394720077515, "_step": 0}