{"train_loss": 0.13865424983669072, "_timestamp": 1728501473.9062474, "_runtime": 104.08199048042297, "_step": 6, "_wandb": {"runtime": 106}}