{"_wandb": {"runtime": 40}, "train_loss": 0.22109856037423015, "test_loss": 0.0, "_timestamp": 1733897991.0044076, "_runtime": 36.74914073944092, "_step": 1}