{"loss": 0.09683540463447571, "lr": 0.0001, "_timestamp": 1733343387.7875826, "_runtime": 186.67822551727295, "_step": 50}