{"_wandb": {"runtime": 13}, "loss": 0.12709945440292358, "lr": 0.0001, "_timestamp": 1733340479.8572743, "_runtime": 12.279025316238403, "_step": 0}