{"_wandb": {"runtime": 13}, "loss": 0.13463088870048523, "lr": 0.0001, "_timestamp": 1733341971.6883402, "_runtime": 12.807215213775635, "_step": 0}