{"_wandb": {"runtime": 26}, "train_loss": 0.2902971338480711, "test_loss": 0.0, "_timestamp": 1735024148.4609053, "_runtime": 24.694178342819214, "_step": 1}