{"_wandb": {"runtime": 48}, "train_loss": 0.2398000154644251, "test_loss": 0.0, "_timestamp": 1732853172.233924, "_runtime": 45.00779891014099, "_step": 1}