{"_wandb": {"runtime": 13}, "loss": 0.09034281969070435, "lr": 0.0001, "_timestamp": 1733340153.1616883, "_runtime": 12.49804425239563, "_step": 0}