{"loss": 0.1385498344898224, "lr": 0.0001, "_timestamp": 1733342621.1377256, "_runtime": 92.104243516922, "_step": 18, "_wandb": {"runtime": 92}}