{"_wandb": {"runtime": 35}, "train_loss": 0.19686867482960224, "test_loss": 0.0, "_timestamp": 1733899472.0580623, "_runtime": 33.28922629356384, "_step": 1}