{"_wandb": {"runtime": 35}, "train_loss": 0.22981075989082456, "test_loss": 0.0, "_timestamp": 1733899660.279213, "_runtime": 33.08236384391785, "_step": 1}