{"_wandb": {"runtime": 51}, "train_loss": 0.21979395300149918, "test_loss": 0.0, "_timestamp": 1732850484.7234073, "_runtime": 47.4518723487854, "_step": 1}